id;hostname
0;SDS-8TY8
1;SDS-8TY9
2;SDS-8TZ2
3;SDS-8TZ3
4;SDS-2E27
5;SDS-2E28
6;SDS-2E29
7;SDS-2E30
8;SDS-2E31
9;SDS-2E32
10;SDS-2E33
11;SDS-1AZ6
12;SDS-1AZ5
13;SDS-1AZ4
14;SDS-1AZ3
15;SDS-1AZ2
16;SDS-1AZ1
17;SDS-1AZ0
18;SDS-1AZ1
19;SDS-1AZ2
20;SDS-1AZ3
21;SDS-1AZ4
22;SDS-1AZ5
23;SDS-1AZ6
24;SDS-1AZ7
25;SDS-1AZ8
26;SDS-1AZ9
27;SDS-1AZ10
28;SDS-1AZ11
29;SDS-1AZ12
30;SDS-1AZ13
31;SDS-1AZ14
32;SDS-1AZ15
33;SDS-1AZ16
34;SDS-1AZ17
35;SDS-1AZ18
36;SDS-1AZ19
37;SDS-1AZ20
38;SDS-1AZ21
39;SDS-1AZ22
40;SDS-1AZ23
41;SDS-1AZ24
42;SDS-1AZ25
43;SDS-1AZ26
44;SDS-1AZ27
45;SDS-1AZ28
46;SDS-1AZ29
47;SDS-1AZ30
48;SDS-1AZ31
49;SDS-1AZ32
50;SDS-1AZ33
51;SDS-1AZ34
52;SDS-1AZ35
53;SDS-1AZ36
54;SDS-1AZ37
55;SDS-1AZ38
56;SDS-1AZ39
57;SDS-1AZ40
58;SDS-1AZ41
59;SDS-1AZ42
60;SDS-1AZ43
61;SDS-1AZ44
62;SDS-1AZ45
63;SDS-1AZ46
64;SDS-1AZ47
65;SDS-1AZ48
66;SDS-1AZ49
67;SDS-1AZ50
68;SDS-1AZ51
69;SDS-1AZ52
70;SDS-1AZ53
71;SDS-1AZ54
72;SDS-1AZ55
73;SDS-1AZ56
74;SDS-1AZ57
75;SDS-1AZ58
76;SDS-1AZ59
77;SDS-1AZ60
78;SDS-1AZ61
79;SDS-1AZ62
80;SDS-1AZ63
81;SDS-1AZ64
82;SDS-1AZ65
83;SDS-1AZ66
84;SDS-1AZ67
85;SDS-1AZ68
86;SDS-1AZ69
87;SDS-1AZ70
88;SDS-1AZ71
89;SDS-1AZ72
90;SDS-1AZ73
91;SDS-1AZ74
92;SDS-1AZ75
93;SDS-1AZ76
94;SDS-1AZ77
95;SDS-1AZ78
96;SDS-1AZ79
97;SDS-1AZ80
98;SDS-1AZ81
99;SDS-1AZ82
100;SDS-1AZ83
101;SDS-1AZ84
102;SDS-1AZ85
103;SDS-1AZ86
104;SDS-1AZ87
105;SDS-1AZ88
106;SDS-1AZ89
107;SDS-1AZ90
108;SDS-1AZ91
109;SDS-1AZ92
110;SDS-1AZ93
111;SDS-1AZ94
112;SDS-1AZ95
113;SDS-1AZ96
114;SDS-1AZ97
115;SDS-1AZ98
116;SDS-1AZ99
117;SDS-1AZ100
118;SDS-1AZ101
119;SDS-1AZ102
120;SDS-1AZ103
121;SDS-1AZ104
122;SDS-1AZ105
123;SDS-1AZ106
124;SDS-1AZ107
125;SDS-1AZ108
126;SDS-1AZ109
127;SDS-1AZ110
128;SDS-1AZ111
129;SDS-1AZ112
130;SDS-1AZ113
131;SDS-1AZ114
132;SDS-1AZ115
133;SDS-1AZ116
134;SDS-1AZ117
135;SDS-1AZ118
136;SDS-1AZ119
137;SDS-1AZ120
138;SDS-1AZ121
139;SDS-1AZ122
140;SDS-1AZ123
141;SDS-1AZ124
142;SDS-1AZ125
143;SDS-1AZ126
144;SDS-1AZ127
145;SDS-1AZ128
146;SDS-1AZ129
147;SDS-1AZ130
148;SDS-1AZ131
149;SDS-1AZ132
150;SDS-1AZ133
151;SDS-1AZ134
152;SDS-1AZ135
153;SDS-1AZ136
154;SDS-1AZ137
155;SDS-1AZ138
156;SDS-1AZ139
157;SDS-1AZ140
158;SDS-1AZ141
159;SDS-1AZ142
160;SDS-1AZ143
161;SDS-1AZ144
162;SDS-1AZ145
163;SDS-1AZ146
164;SDS-1AZ147
165;SDS-1AZ148
166;SDS-1AZ149
167;SDS-1AZ150
168;SDS-1AZ151
169;SDS-1AZ152
170;SDS-1AZ153
171;SDS-1AZ154
172;SDS-1AZ155
173;SDS-1AZ156
174;SDS-1AZ157
175;SDS-1AZ158
176;SDS-1AZ159
177;SDS-1AZ160
178;SDS-1AZ161
179;SDS-1AZ162
180;SDS-1AZ163
181;SDS-1AZ164
182;SDS-1AZ165
183;SDS-1AZ166
184;SDS-1AZ167
185;SDS-1AZ168
186;SDS-1AZ169
187;SDS-1AZ170
188;SDS-1AZ171
189;SDS-1AZ172
190;SDS-1AZ173
191;SDS-1AZ174
192;SDS-1AZ175
193;SDS-1AZ176
194;SDS-1AZ177
195;SDS-1AZ178
196;SDS-1AZ179
197;SDS-1AZ180
198;SDS-1AZ181
199;SDS-1AZ182
200;SDS-1AZ183
201;SDS-1AZ184
202;SDS-1AZ185
203;SDS-1AZ186
204;SDS-1AZ187
205;SDS-1AZ188
206;SDS-1AZ189
207;SDS-1AZ190
208;SDS-1AZ191
209;SDS-1AZ192
210;SDS-1AZ193
211;SDS-1AZ194
212;SDS-1AZ195
213;SDS-1AZ196
214;SDS-1AZ197
215;SDS-1AZ198
216;SDS-1AZ199
217;SDS-1AZ200
218;SDS-1AZ201
219;SDS-1AZ202
220;SDS-1AZ203
221;SDS-1AZ204
222;SDS-1AZ205
223;SDS-1AZ206
224;SDS-1AZ207
225;SDS-1AZ208
226;SDS-1AZ209
227;SDS-1AZ210
228;SDS-1AZ211
229;SDS-1AZ212
230;SDS-1AZ213
231;SDS-1AZ214
232;SDS-1AZ215
233;SDS-1AZ216
234;SDS-1AZ217
235;SDS-1AZ218
236;SDS-1AZ219
237;SDS-1AZ220
238;SDS-1AZ221
239;SDS-1AZ222
240;SDS-1AZ223
241;SDS-1AZ224
242;SDS-1AZ225
243;SDS-1AZ226
244;SDS-1AZ227
245;SDS-1AZ228
246;SDS-1AZ229
247;SDS-1AZ230
248;SDS-1AZ231
249;SDS-1AZ232
250;SDS-1AZ233
251;SDS-1AZ234
252;SDS-1AZ235
253;SDS-1AZ236
254;SDS-1AZ237
255;SDS-1AZ238
256;SDS-1AZ239
257;SDS-1AZ240
258;SDS-1AZ241
259;SDS-1AZ242
260;SDS-1AZ243
261;SDS-1AZ244
262;SDS-1AZ245
263;SDS-1AZ246
264;SDS-1AZ247
265;SDS-1AZ248
266;SDS-1AZ249
267;SDS-1AZ250
268;SDS-1AZ251
269;SDS-1AZ252
270;SDS-1AZ253
271;SDS-1AZ254
272;SDS-1AZ255
273;SDS-1AZ256
274;SDS-1AZ257
275;SDS-1AZ258
276;SDS-1AZ259
277;SDS-1AZ260
278;SDS-1AZ261
279;SDS-1AZ262
280;SDS-1AZ263
281;SDS-1AZ264
282;SDS-1AZ265
283;SDS-1AZ266
284;SDS-1AZ267
285;SDS-1AZ268
286;SDS-1AZ269
287;SDS-1AZ270
288;SDS-1AZ271
289;SDS-1AZ272
290;SDS-1AZ273
291;SDS-1AZ274
292;SDS-1AZ275
293;SDS-1AZ276
294;SDS-1AZ277
295;SDS-1AZ278
296;SDS-1AZ279
297;SDS-1AZ280
298;SDS-1AZ281
299;SDS-1AZ282
300;SDS-1AZ283
301;SDS-1AZ284
302;SDS-1AZ285
303;SDS-1AZ286
304;SDS-1AZ287
305;SDS-1AZ288
306;SDS-1AZ289
307;SDS-1AZ290
308;SDS-1AZ291
309;SDS-1AZ292
310;SDS-1AZ293
311;SDS-1AZ294
312;SDS-1AZ295
313;SDS-1AZ296
314;SDS-1AZ297
315;SDS-1AZ298
316;SDS-1AZ299
317;SDS-1AZ300
318;SDS-1AZ301
319;SDS-1AZ302
320;SDS-1AZ303
321;SDS-1AZ304
322;SDS-1AZ305
323;SDS-1AZ306
324;SDS-1AZ307
325;SDS-1AZ308
326;SDS-1AZ309
327;SDS-1AZ310
328;SDS-1AZ311
329;SDS-1AZ312
330;SDS-1AZ313
331;SDS-1AZ314
332;SDS-1AZ315
333;SDS-1AZ316
334;SDS-1AZ317
335;SDS-1AZ318
336;SDS-1AZ319
337;SDS-1AZ320
338;SDS-1AZ321
339;SDS-1AZ322
340;SDS-1AZ323
341;SDS-1AZ324
342;SDS-1AZ325
343;SDS-1AZ326
344;SDS-1AZ327
345;SDS-1AZ328
346;SDS-1AZ329
347;SDS-1AZ330
348;SDS-1AZ331
349;SDS-1AZ332
350;SDS-1AZ333
351;SDS-1AZ334
352;SDS-1AZ335
353;SDS-1AZ336
354;SDS-1AZ337
355;SDS-1AZ338
356;SDS-1AZ339
357;SDS-1AZ340
358;SDS-1AZ341
359;SDS-1AZ342
360;SDS-1AZ343
361;SDS-1AZ344
362;SDS-1AZ345
363;SDS-1AZ346
364;SDS-1AZ347
365;SDS-1AZ348
366;SDS-1AZ349
367;SDS-1AZ350
368;SDS-1AZ351
369;SDS-1AZ352
370;SDS-1AZ353
371;SDS-1AZ354
372;SDS-1AZ355
373;SDS-1AZ356
374;SDS-1AZ357
375;SDS-1AZ358
376;SDS-1AZ359
377;SDS-1AZ360
378;SDS-1AZ361
379;SDS-1AZ362
380;SDS-1AZ363
381;SDS-1AZ364
382;SDS-1AZ365
383;SDS-1AZ366
384;SDS-1AZ367
385;SDS-1AZ368
386;SDS-1AZ369
387;SDS-1AZ370
388;SDS-1AZ371
389;SDS-1AZ372
390;SDS-1AZ373
391;SDS-1AZ374
392;SDS-1AZ375
393;SDS-1AZ376
394;SDS-1AZ377
395;SDS-1AZ378
396;SDS-1AZ379
397;SDS-1AZ380
398;SDS-1AZ381
399;SDS-1AZ382
400;SDS-1AZ383
401;SDS-1AZ384
402;SDS-1AZ385
403;SDS-1AZ386
404;SDS-1AZ387
405;SDS-1AZ388
406;SDS-1AZ389
407;SDS-1AZ390
408;SDS-1AZ391
409;SDS-1AZ392
410;SDS-1AZ393
411;SDS-1AZ394
412;SDS-1AZ395
413;SDS-1AZ396
414;SDS-1AZ397
415;SDS-1AZ398
416;SDS-1AZ399
417;SDS-1AZ400
418;SDS-1AZ401
419;SDS-1AZ402
420;SDS-1AZ403
421;SDS-1AZ404
422;SDS-1AZ405
423;SDS-1AZ406
424;SDS-1AZ407
425;SDS-1AZ408
426;SDS-1AZ409
427;SDS-1AZ410
428;SDS-1AZ411
429;SDS-1AZ412
430;SDS-1AZ413
431;SDS-1AZ414
432;SDS-1AZ415
433;SDS-1AZ416
434;SDS-1AZ417
435;SDS-1AZ418
436;SDS-1AZ419
437;SDS-1AZ420
438;SDS-1AZ421
439;SDS-1AZ422
440;SDS-1AZ423
441;SDS-1AZ424
442;SDS-1AZ425
443;SDS-1AZ426
444;SDS-1AZ427
445;SDS-1AZ428
446;SDS-1AZ429
447;SDS-1AZ430
448;SDS-1AZ431
449;SDS-1AZ432
450;SDS-1AZ433
451;SDS-1AZ434
452;SDS-1AZ435
453;SDS-1AZ436
454;SDS-1AZ437
455;SDS-1AZ438
456;SDS-1AZ439
457;SDS-1AZ440
458;SDS-1AZ441
459;SDS-1AZ442
460;SDS-1AZ443
461;SDS-1AZ444
462;SDS-1AZ445
463;SDS-1AZ446
464;SDS-1AZ447
465;SDS-1AZ448
466;SDS-1AZ449
467;SDS-1AZ450
468;SDS-1AZ451
469;SDS-1AZ452
470;SDS-1AZ453
471;SDS-1AZ454
472;SDS-1AZ455
473;SDS-1AZ456
474;SDS-1AZ457
475;SDS-1AZ458
476;SDS-1AZ459
477;SDS-1AZ460
478;SDS-1AZ461
479;SDS-1AZ462
480;SDS-1AZ463
481;SDS-1AZ464
482;SDS-1AZ465
483;SDS-1AZ466
484;SDS-1AZ467
485;SDS-1AZ468
486;SDS-1AZ469
487;SDS-1AZ470
488;SDS-1AZ471
489;SDS-1AZ472
490;SDS-1AZ473
491;SDS-1AZ474
492;SDS-1AZ475
493;SDS-1AZ476
494;SDS-1AZ477
495;SDS-1AZ478
496;SDS-1AZ479
497;SDS-1AZ480
498;SDS-1AZ481
499;SDS-1AZ482
500;SDS-1AZ483
501;SDS-1AZ484
502;SDS-1AZ485
503;SDS-1AZ486
504;SDS-1AZ487
505;SDS-1AZ488
506;SDS-1AZ489
507;SDS-1AZ490
508;SDS-1AZ491
509;SDS-1AZ492
510;SDS-1AZ493
511;SDS-1AZ494
512;SDS-1AZ495
513;SDS-1AZ496
514;SDS-1AZ497
515;SDS-1AZ498
516;SDS-1AZ499
517;SDS-1AZ500
518;SDS-1AZ501
519;SDS-1AZ502
520;SDS-1AZ503
521;SDS-1AZ504
522;SDS-1AZ505
523;SDS-1AZ506
524;SDS-1AZ507
525;SDS-1AZ508
526;SDS-1AZ509
527;SDS-1AZ510
528;SDS-1AZ511
529;SDS-1AZ512
530;SDS-1AZ513
531;SDS-1AZ514
532;SDS-1AZ515
533;SDS-1AZ516
534;SDS-1AZ517
535;SDS-1AZ518
536;SDS-1AZ519
537;SDS-1AZ520
538;SDS-1AZ521
539;SDS-1AZ522
540;SDS-1AZ523
541;SDS-1AZ524
542;SDS-1AZ525
543;SDS-1AZ526
544;SDS-1AZ527
545;SDS-1AZ528
546;SDS-1AZ529
547;SDS-1AZ530
548;SDS-1AZ531
549;SDS-1AZ532
550;SDS-1AZ533
551;SDS-1AZ534
552;SDS-1AZ535
553;SDS-1AZ536
554;SDS-1AZ537
555;SDS-1AZ538
556;SDS-1AZ539
557;SDS-1AZ540
558;SDS-1AZ541
559;SDS-1AZ542
560;SDS-1AZ543
561;SDS-1AZ544
562;SDS-1AZ545
563;SDS-1AZ546
564;SDS-1AZ547
565;SDS-1AZ548
566;SDS-1AZ549
567;SDS-1AZ550
568;SDS-1AZ551
569;SDS-1AZ552
570;SDS-1AZ553
571;SDS-1AZ554
572;SDS-1AZ555
573;SDS-1AZ556
574;SDS-1AZ557
575;SDS-1AZ558
576;SDS-1AZ559
577;SDS-1AZ560
578;SDS-1AZ561
579;SDS-1AZ562
580;SDS-1AZ563
581;SDS-1AZ564
582;SDS-1AZ565
583;SDS-1AZ566
584;SDS-1AZ567
585;SDS-1AZ568
586;SDS-1AZ569
587;SDS-1AZ570
588;SDS-1AZ571
589;SDS-1AZ572
590;SDS-1AZ573
591;SDS-1AZ574
592;SDS-1AZ575
593;SDS-1AZ576
594;SDS-1AZ577
595;SDS-1AZ578
596;SDS-1AZ579
597;SDS-1AZ580
598;SDS-1AZ581
599;SDS-1AZ582
600;SDS-1AZ583
601;SDS-1AZ584
602;SDS-1AZ585
603;SDS-1AZ586
604;SDS-1AZ587
605;SDS-1AZ588
606;SDS-1AZ589
607;SDS-1AZ590
608;SDS-1AZ591
609;SDS-1AZ592
610;SDS-1AZ593
611;SDS-1AZ594
612;SDS-1AZ595
613;SDS-1AZ596
614;SDS-1AZ597
615;SDS-1AZ598
616;SDS-1AZ599
617;SDS-1AZ600
618;SDS-1AZ601
619;SDS-1AZ602
620;SDS-1AZ603
621;SDS-1AZ604
622;SDS-1AZ605
623;SDS-1AZ606
624;SDS-1AZ607
625;SDS-1AZ608
626;SDS-1AZ609
627;SDS-1AZ610
628;SDS-1AZ611
629;SDS-1AZ612
630;SDS-1AZ613
631;SDS-1AZ614
632;SDS-1AZ615
633;SDS-1AZ616
634;SDS-1AZ617
635;SDS-1AZ618
636;SDS-1AZ619
637;SDS-1AZ620
638;SDS-1AZ621
639;SDS-1AZ622
640;SDS-1AZ623
641;SDS-1AZ624
642;SDS-1AZ625
643;SDS-1AZ626
644;SDS-1AZ627
645;SDS-1AZ628
646;SDS-1AZ629
647;SDS-1AZ630
648;SDS-1AZ631
649;SDS-1AZ632
650;SDS-1AZ633
651;SDS-1AZ634
652;SDS-1AZ635
653;SDS-1AZ636
654;SDS-1AZ637
655;SDS-1AZ638
656;SDS-1AZ639
657;SDS-1AZ640
658;SDS-1AZ641
659;SDS-1AZ642
660;SDS-1AZ643
661;SDS-1AZ644
662;SDS-1AZ645
663;SDS-1AZ646
664;SDS-1AZ647
665;SDS-1AZ648
666;SDS-1AZ649
667;SDS-1AZ650
668;SDS-1AZ651
669;SDS-1AZ652
670;SDS-1AZ653
671;SDS-1AZ654
672;SDS-1AZ655
673;SDS-1AZ656
674;SDS-1AZ657
675;SDS-1AZ658
676;SDS-1AZ659
677;SDS-1AZ660
678;SDS-1AZ661
679;SDS-1AZ662
680;SDS-1AZ663
681;SDS-1AZ664
682;SDS-1AZ665
683;SDS-1AZ666
684;SDS-1AZ667
685;SDS-1AZ668
686;SDS-1AZ669
687;SDS-1AZ670
688;SDS-1AZ671
689;SDS-1AZ672
690;SDS-1AZ673
691;SDS-1AZ674
692;SDS-1AZ675
693;SDS-1AZ676
694;SDS-1AZ677
695;SDS-1AZ678
696;SDS-1AZ679
697;SDS-1AZ680
698;SDS-1AZ681
699;SDS-1AZ682
700;SDS-1AZ683
701;SDS-1AZ684
702;SDS-1AZ685
703;SDS-1AZ686
704;SDS-1AZ687
705;SDS-1AZ688
706;SDS-1AZ689
707;SDS-1AZ690
708;SDS-1AZ691
709;SDS-1AZ692
710;SDS-1AZ693
711;SDS-1AZ694
712;SDS-1AZ695
713;SDS-1AZ696
714;SDS-1AZ697
715;SDS-1AZ698
716;SDS-1AZ699
717;SDS-1AZ700
718;SDS-1AZ701
719;SDS-1AZ702
720;SDS-1AZ703
721;SDS-1AZ704
722;SDS-1AZ705
723;SDS-1AZ706
724;SDS-1AZ707
725;SDS-1AZ708
726;SDS-1AZ709
727;SDS-1AZ710
728;SDS-1AZ711
729;SDS-1AZ712
730;SDS-1AZ713
731;SDS-1AZ714
732;SDS-1AZ715
733;SDS-1AZ716
734;SDS-1AZ717
735;SDS-1AZ718
736;SDS-1AZ719
737;SDS-1AZ720
738;SDS-1AZ721
739;SDS-1AZ722
740;SDS-1AZ723
741;SDS-1AZ724
742;SDS-1AZ725
743;SDS-1AZ726
744;SDS-1AZ727
745;SDS-1AZ728
746;SDS-1AZ729
747;SDS-1AZ730
748;SDS-1AZ731
749;SDS-1AZ732
750;SDS-1AZ733
751;SDS-1AZ734
752;SDS-1AZ735
753;SDS-1AZ736
754;SDS-1AZ737
755;SDS-1AZ738
756;SDS-1AZ739
757;SDS-1AZ740
758;SDS-1AZ741
759;SDS-1AZ742
760;SDS-1AZ743
761;SDS-1AZ744
762;SDS-1AZ745
763;SDS-1AZ746
764;SDS-1AZ747
765;SDS-1AZ748
766;SDS-1AZ749
767;SDS-1AZ750
768;SDS-1AZ751
769;SDS-1AZ752
770;SDS-1AZ753
771;SDS-1AZ754
772;SDS-1AZ755
773;SDS-1AZ756
774;SDS-1AZ757
775;SDS-1AZ758
776;SDS-1AZ759
777;SDS-1AZ760
778;SDS-1AZ761
779;SDS-1AZ762
780;SDS-1AZ763
781;SDS-1AZ764
782;SDS-1AZ765
783;SDS-1AZ766
784;SDS-1AZ767
785;SDS-1AZ768
786;SDS-1AZ769
787;SDS-1AZ770
788;SDS-1AZ771
789;SDS-1AZ772
790;SDS-1AZ773
791;SDS-1AZ774
792;SDS-1AZ775
793;SDS-1AZ776
794;SDS-1AZ777
795;SDS-1AZ778
796;SDS-1AZ779
797;SDS-1AZ780
798;SDS-1AZ781
799;SDS-1AZ782
800;SDS-1AZ783
801;SDS-1AZ784
802;SDS-1AZ785
803;SDS-1AZ786
804;SDS-1AZ787
805;SDS-1AZ788
806;SDS-1AZ789
807;SDS-1AZ790
808;SDS-1AZ791
809;SDS-1AZ792
810;SDS-1AZ793
811;SDS-1AZ794
812;SDS-1AZ795
813;SDS-1AZ796
814;SDS-1AZ797
815;SDS-1AZ798
816;SDS-1AZ799
817;SDS-1AZ800
818;SDS-1AZ801
819;SDS-1AZ802
820;SDS-1AZ803
821;SDS-1AZ804
822;SDS-1AZ805
823;SDS-1AZ806
824;SDS-1AZ807
825;SDS-1AZ808
826;SDS-1AZ809
827;SDS-1AZ810
828;SDS-1AZ811
829;SDS-1AZ812
830;SDS-1AZ813
831;SDS-1AZ814
832;SDS-1AZ815
833;SDS-1AZ816
834;SDS-1AZ817
835;SDS-1AZ818
836;SDS-1AZ819
837;SDS-1AZ820
838;SDS-1AZ821
839;SDS-1AZ822
840;SDS-1AZ823
841;SDS-1AZ824
842;SDS-1AZ825
843;SDS-1AZ826
844;SDS-1AZ827
845;SDS-1AZ828
846;SDS-1AZ829
847;SDS-1AZ830
848;SDS-1AZ831
849;SDS-1AZ832
850;SDS-1AZ833
851;SDS-1AZ834
852;SDS-1AZ835
853;SDS-1AZ836
854;SDS-1AZ837
855;SDS-1AZ838
856;SDS-1AZ839
857;SDS-1AZ840
858;SDS-1AZ841
859;SDS-1AZ842
860;SDS-1AZ843
861;SDS-1AZ844
862;SDS-1AZ845
863;SDS-1AZ846
864;SDS-1AZ847
865;SDS-1AZ848
866;SDS-1AZ849
867;SDS-1AZ850
868;SDS-1AZ851
869;SDS-1AZ852
870;SDS-1AZ853
871;SDS-1AZ854
872;SDS-1AZ855
873;SDS-1AZ856
874;SDS-1AZ857
875;SDS-1AZ858
876;SDS-1AZ859
877;SDS-1AZ860
878;SDS-1AZ861
879;SDS-1AZ862
880;SDS-1AZ863
881;SDS-1AZ864
882;SDS-1AZ865
883;SDS-1AZ866
884;SDS-1AZ867
885;SDS-1AZ868
886;SDS-1AZ869
887;SDS-1AZ870
888;SDS-1AZ871
889;SDS-1AZ872
890;SDS-1AZ873
891;SDS-1AZ874
892;SDS-1AZ875
893;SDS-1AZ876
894;SDS-1AZ877
895;SDS-1AZ878
896;SDS-1AZ879
897;SDS-1AZ880
898;SDS-1AZ881
899;SDS-1AZ882
900;SDS-1AZ883
901;SDS-1AZ884
902;SDS-1AZ885
903;SDS-1AZ886
904;SDS-1AZ887
905;SDS-1AZ888
906;SDS-1AZ889
907;SDS-1AZ890
908;SDS-1AZ891
909;SDS-1AZ892
910;SDS-1AZ893
911;SDS-1AZ894
912;SDS-1AZ895
913;SDS-1AZ896
914;SDS-1AZ897
915;SDS-1AZ898
916;SDS-1AZ899
917;SDS-1AZ900
918;SDS-1AZ901
919;SDS-1AZ902
920;SDS-1AZ903
921;SDS-1AZ904
922;SDS-1AZ905
923;SDS-1AZ906
924;SDS-1AZ907
925;SDS-1AZ908
926;SDS-1AZ909
927;SDS-1AZ910
928;SDS-1AZ911
929;SDS-1AZ912
930;SDS-1AZ913
931;SDS-1AZ914
932;SDS-1AZ915
933;SDS-1AZ916
934;SDS-1AZ917
935;SDS-1AZ918
936;SDS-1AZ919
937;SDS-1AZ920
938;SDS-1AZ921
939;SDS-1AZ922
940;SDS-1AZ923
941;SDS-1AZ924
942;SDS-1AZ925
943;SDS-1AZ926
944;SDS-1AZ927
945;SDS-1AZ928
946;SDS-1AZ929
947;SDS-1AZ930
948;SDS-1AZ931
949;SDS-1AZ932
950;SDS-1AZ933
951;SDS-1AZ934
952;SDS-1AZ935
953;SDS-1AZ936
954;SDS-1AZ937
955;SDS-1AZ938
956;SDS-1AZ939
957;SDS-1AZ940
958;SDS-1AZ941
959;SDS-1AZ942
960;SDS-1AZ943
961;SDS-1AZ944
962;SDS-1AZ945
963;SDS-1AZ946
964;SDS-1AZ947
965;SDS-1AZ948
966;SDS-1AZ949
967;SDS-1AZ950
968;SDS-1AZ951
969;SDS-1AZ952
970;SDS-1AZ953
971;SDS-1AZ954
972;SDS-1AZ955
973;SDS-1AZ956
974;SDS-1AZ957
975;SDS-1AZ958
976;SDS-1AZ959
977;SDS-1AZ960
978;SDS-1AZ961
979;SDS-1AZ962
980;SDS-1AZ963
981;SDS-1AZ964
982;SDS-1AZ965
983;SDS-1AZ966
984;SDS-1AZ967
985;SDS-1AZ968
986;SDS-1AZ969
987;SDS-1AZ970
988;SDS-1AZ971
989;SDS-1AZ972
990;SDS-1AZ973
991;SDS-1AZ974
992;SDS-1AZ975
993;SDS-1AZ976
994;SDS-1AZ977
995;SDS-1AZ978
996;SDS-1AZ979
997;SDS-1AZ980
998;SDS-1AZ981
999;SDS-1AZ982
1000;SDS-1AZ983
1001;SDS-1AZ984
1002;SDS-1AZ985
1003;SDS-1AZ986
1004;SDS-1AZ987
1005;SDS-1AZ988
1006;SDS-1AZ989
1007;SDS-1AZ990
1008;SDS-1AZ991
1009;SDS-1AZ992
1010;SDS-1AZ993
1011;SDS-1AZ994
1012;SDS-1AZ995
1013;SDS-1AZ996
1014;SDS-1AZ997
1015;SDS-1AZ998
1016;SDS-1AZ999
1017;SDS-1AZ1000
1018;SDS-1AZ1001
1019;SDS-1AZ1002
1020;SDS-1AZ1003
1021;SDS-1AZ1004
1022;SDS-1AZ1005
1023;SDS-1AZ1006
1024;SDS-1AZ1007
1025;SDS-1AZ1008
1026;SDS-1AZ1009
1027;SDS-1AZ1010
1028;SDS-1AZ1011
1029;SDS-1AZ1012
1030;SDS-1AZ1013
1031;SDS-1AZ1014
1032;SDS-1AZ1015
1033;SDS-1AZ1016
1034;SDS-1AZ1017
1035;SDS-1AZ1018
1036;SDS-1AZ1019
1037;SDS-1AZ1020
1038;SDS-1AZ1021
1039;SDS-1AZ1022
1040;SDS-1AZ1023
1041;SDS-1AZ1024
1042;SDS-1AZ1025
1043;SDS-1AZ1026
1044;SDS-1AZ1027
1045;SDS-1AZ1028
1046;SDS-1AZ1029
1047;SDS-1AZ1030
1048;SDS-1AZ1031
1049;SDS-1AZ1032
1050;SDS-1AZ1033
1051;SDS-1AZ1034
1052;SDS-1AZ1035
1053;SDS-1AZ1036
1054;SDS-1AZ1037
1055;SDS-1AZ1038
1056;SDS-1AZ1039
1057;SDS-1AZ1040
1058;SDS-1AZ1041
1059;SDS-1AZ1042
1060;SDS-1AZ1043
1061;SDS-1AZ1044
1062;SDS-1AZ1045
1063;SDS-1AZ1046
1064;SDS-1AZ1047
1065;SDS-1AZ1048
1066;SDS-1AZ1049
1067;SDS-1AZ1050
1068;SDS-1AZ1051
1069;SDS-1AZ1052
1070;SDS-1AZ1053
1071;SDS-1AZ1054
1072;SDS-1AZ1055
1073;SDS-1AZ1056
1074;SDS-1AZ1057
1075;SDS-1AZ1058
1076;SDS-1AZ1059
1077;SDS-1AZ1060
1078;SDS-1AZ1061
1079;SDS-1AZ1062
1080;SDS-1AZ1063
1081;SDS-1AZ1064
1082;SDS-1AZ1065
1083;SDS-1AZ1066
1084;SDS-1AZ1067
1085;SDS-1AZ1068
1086;SDS-1AZ1069
1087;SDS-1AZ1070
1088;SDS-1AZ1071
1089;SDS-1AZ1072
1090;SDS-1AZ1073
1091;SDS-1AZ1074
1092;SDS-1AZ1075
1093;SDS-1AZ1076
1094;SDS-1AZ1077
1095;SDS-1AZ1078
1096;SDS-1AZ1079
1097;SDS-1AZ1080
1098;SDS-1AZ1081
1099;SDS-1AZ1082
1100;SDS-1AZ1083
1101;SDS-1AZ1084
1102;SDS-1AZ1085
1103;SDS-1AZ1086
1104;SDS-1AZ1087
1105;SDS-1AZ1088
1106;SDS-1AZ1089
1107;SDS-1AZ1090
1108;SDS-1AZ1091
1109;SDS-1AZ1092
1110;SDS-1AZ1093
1111;SDS-1AZ1094
1112;SDS-1AZ1095
1113;SDS-1AZ1096
1114;SDS-1AZ1097
1115;SDS-1AZ1098
1116;SDS-1AZ1099
1117;SDS-1AZ1100
1118;SDS-1AZ1101
1119;SDS-1AZ1102
1120;SDS-1AZ1103
1121;SDS-1AZ1104
1122;SDS-1AZ1105
1123;SDS-1AZ1106
1124;SDS-1AZ1107
1125;SDS-1AZ1108
1126;SDS-1AZ1109
1127;SDS-1AZ1110
1128;SDS-1AZ1111
1129;SDS-1AZ1112
1130;SDS-1AZ1113
1131;SDS-1AZ1114
1132;SDS-1AZ1115
1133;SDS-1AZ1116
1134;SDS-1AZ1117
1135;SDS-1AZ1118
1136;SDS-1AZ1119
1137;SDS-1AZ1120
1138;SDS-1AZ1121
1139;SDS-1AZ1122
1140;SDS-1AZ1123
1141;SDS-1AZ1124
1142;SDS-1AZ1125
1143;SDS-1AZ1126
1144;SDS-1AZ1127
1145;SDS-1AZ1128
1146;SDS-1AZ1129
1147;SDS-1AZ1130
1148;SDS-1AZ1131
1149;SDS-1AZ1132
1150;SDS-1AZ1133
1151;SDS-1AZ1134
1152;SDS-1AZ1135
1153;SDS-1AZ1136
1154;SDS-1AZ1137
1155;SDS-1AZ1138
1156;SDS-1AZ1139
1157;SDS-1AZ1140
1158;SDS-1AZ1141
1159;SDS-1AZ1142
1160;SDS-1AZ1143
1161;SDS-1AZ1144
1162;SDS-1AZ1145
1163;SDS-1AZ1146
1164;SDS-1AZ1147
1165;SDS-1AZ1148
1166;SDS-1AZ1149
1167;SDS-1AZ1150
1168;SDS-1AZ1151
1169;SDS-1AZ1152
1170;SDS-1AZ1153
1171;SDS-1AZ1154
1172;SDS-1AZ1155
1173;SDS-1AZ1156
1174;SDS-1AZ1157
1175;SDS-1AZ1158
1176;SDS-1AZ1159
1177;SDS-1AZ1160
1178;SDS-1AZ1161
1179;SDS-1AZ1162
1180;SDS-1AZ1163
1181;SDS-1AZ1164
1182;SDS-1AZ1165
1183;SDS-1AZ1166
1184;SDS-1AZ1167
1185;SDS-1AZ1168
1186;SDS-1AZ1169
1187;SDS-1AZ1170
1188;SDS-1AZ1171
1189;SDS-1AZ1172
1190;SDS-1AZ1173
1191;SDS-1AZ1174
1192;SDS-1AZ1175
1193;SDS-1AZ1176
1194;SDS-1AZ1177
1195;SDS-1AZ1178
1196;SDS-1AZ1179
1197;SDS-1AZ1180
1198;SDS-1AZ1181
1199;SDS-1AZ1182
1200;SDS-1AZ1183
1201;SDS-1AZ1184
1202;SDS-1AZ1185
1203;SDS-1AZ1186
1204;SDS-1AZ1187
1205;SDS-1AZ1188
1206;SDS-1AZ1189
1207;SDS-1AZ1190
1208;SDS-1AZ1191
1209;SDS-1AZ1192
1210;SDS-1AZ1193
1211;SDS-1AZ1194
1212;SDS-1AZ1195
1213;SDS-1AZ1196
1214;SDS-1AZ1197
1215;SDS-1AZ1198
1216;SDS-1AZ1199
1217;SDS-1AZ1200
1218;SDS-1AZ1201
1219;SDS-1AZ1202
1220;SDS-1AZ1203
1221;SDS-1AZ1204
1222;SDS-1AZ1205
1223;SDS-1AZ1206
1224;SDS-1AZ1207
1225;SDS-1AZ1208
1226;SDS-1AZ1209
1227;SDS-1AZ1210
1228;SDS-1AZ1211
1229;SDS-1AZ1212
1230;SDS-1AZ1213
1231;SDS-1AZ1214
1232;SDS-1AZ1215
1233;SDS-1AZ1216
1234;SDS-1AZ1217
1235;SDS-1AZ1218
1236;SDS-1AZ1219
1237;SDS-1AZ1220
1238;SDS-1AZ1221
1239;SDS-1AZ1222
1240;SDS-1AZ1223
1241;SDS-1AZ1224
1242;SDS-1AZ1225
1243;SDS-1AZ1226
1244;SDS-1AZ1227
1245;SDS-1AZ1228
1246;SDS-1AZ1229
1247;SDS-1AZ1230
1248;SDS-1AZ1231
1249;SDS-1AZ1232
1250;SDS-1AZ1233
1251;SDS-1AZ1234
1252;SDS-1AZ1235
1253;SDS-1AZ1236
1254;SDS-1AZ1237
1255;SDS-1AZ1238
1256;SDS-1AZ1239
1257;SDS-1AZ1240
1258;SDS-1AZ1241
1259;SDS-1AZ1242
1260;SDS-1AZ1243
1261;SDS-1AZ1244
1262;SDS-1AZ1245
1263;SDS-1AZ1246
1264;SDS-1AZ1247
1265;SDS-1AZ1248
1266;SDS-1AZ1249
1267;SDS-1AZ1250
1268;SDS-1AZ1251
1269;SDS-1AZ1252
1270;SDS-1AZ1253
1271;SDS-1AZ1254
1272;SDS-1AZ1255
1273;SDS-1AZ1256
1274;SDS-1AZ1257
1275;SDS-1AZ1258
1276;SDS-1AZ1259
1277;SDS-1AZ1260
1278;SDS-1AZ1261
1279;SDS-1AZ1262
1280;SDS-1AZ1263
1281;SDS-1AZ1264
1282;SDS-1AZ1265
1283;SDS-1AZ1266
1284;SDS-1AZ1267
1285;SDS-1AZ1268
1286;SDS-1AZ1269
1287;SDS-1AZ1270
1288;SDS-1AZ1271
1289;SDS-1AZ1272
1290;SDS-1AZ1273
1291;SDS-1AZ1274
1292;SDS-1AZ1275
1293;SDS-1AZ1276
1294;SDS-1AZ1277
1295;SDS-1AZ1278
1296;SDS-1AZ1279
1297;SDS-1AZ1280
1298;SDS-1AZ1281
1299;SDS-1AZ1282
1300;SDS-1AZ1283
1301;SDS-1AZ1284
1302;SDS-1AZ1285
1303;SDS-1AZ1286
1304;SDS-1AZ1287
1305;SDS-1AZ1288
1306;SDS-1AZ1289
1307;SDS-1AZ1290
1308;SDS-1AZ1291
1309;SDS-1AZ1292
1310;SDS-1AZ1293
1311;SDS-1AZ1294
1312;SDS-1AZ1295
1313;SDS-1AZ1296
1314;SDS-1AZ1297
1315;SDS-1AZ1298
1316;SDS-1AZ1299
1317;SDS-1AZ1300
1318;SDS-1AZ1301
1319;SDS-1AZ1302
1320;SDS-1AZ1303
1321;SDS-1AZ1304
1322;SDS-1AZ1305
1323;SDS-1AZ1306
1324;SDS-1AZ1307
1325;SDS-1AZ1308
1326;SDS-1AZ1309
1327;SDS-1AZ1310
1328;SDS-1AZ1311
1329;SDS-1AZ1312
1330;SDS-1AZ1313
1331;SDS-1AZ1314
1332;SDS-1AZ1315
1333;SDS-1AZ1316
1334;SDS-1AZ1317
1335;SDS-1AZ1318
1336;SDS-1AZ1319
1337;SDS-1AZ1320
1338;SDS-1AZ1321
1339;SDS-1AZ1322
1340;SDS-1AZ1323
1341;SDS-1AZ1324
1342;SDS-1AZ1325
1343;SDS-1AZ1326
1344;SDS-1AZ1327
1345;SDS-1AZ1328
1346;SDS-1AZ1329
1347;SDS-1AZ1330
1348;SDS-1AZ1331
1349;SDS-1AZ1332
1350;SDS-1AZ1333
1351;SDS-1AZ1334
1352;SDS-1AZ1335
1353;SDS-1AZ1336
1354;SDS-1AZ1337
1355;SDS-1AZ1338
1356;SDS-1AZ1339
1357;SDS-1AZ1340
1358;SDS-1AZ1341
1359;SDS-1AZ1342
1360;SDS-1AZ1343
1361;SDS-1AZ1344
1362;SDS-1AZ1345
1363;SDS-1AZ1346
1364;SDS-1AZ1347
1365;SDS-1AZ1348
1366;SDS-1AZ1349
1367;SDS-1AZ1350
1368;SDS-1AZ1351
1369;SDS-1AZ1352
1370;SDS-1AZ1353
1371;SDS-1AZ1354
1372;SDS-1AZ1355
1373;SDS-1AZ1356
1374;SDS-1AZ1357
1375;SDS-1AZ1358
1376;SDS-1AZ1359
1377;SDS-1AZ1360
1378;SDS-1AZ1361
1379;SDS-1AZ1362
1380;SDS-1AZ1363
1381;SDS-1AZ1364
1382;SDS-1AZ1365
1383;SDS-1AZ1366
1384;SDS-1AZ1367
1385;SDS-1AZ1368
1386;SDS-1AZ1369
1387;SDS-1AZ1370
1388;SDS-1AZ1371
1389;SDS-1AZ1372
1390;SDS-1AZ1373
1391;SDS-1AZ1374
1392;SDS-1AZ1375
1393;SDS-1AZ1376
1394;SDS-1AZ1377
1395;SDS-1AZ1378
1396;SDS-1AZ1379
1397;SDS-1AZ1380
1398;SDS-1AZ1381
1399;SDS-1AZ1382
1400;SDS-1AZ1383
1401;SDS-1AZ1384
1402;SDS-1AZ1385
1403;SDS-1AZ1386
1404;SDS-1AZ1387
1405;SDS-1AZ1388
1406;SDS-1AZ1389
1407;SDS-1AZ1390
1408;SDS-1AZ1391
1409;SDS-1AZ1392
1410;SDS-1AZ1393
1411;SDS-1AZ1394
1412;SDS-1AZ1395
1413;SDS-1AZ1396
1414;SDS-1AZ1397
1415;SDS-1AZ1398
1416;SDS-1AZ1399
1417;SDS-1AZ1400
1418;SDS-1AZ1401
1419;SDS-1AZ1402
1420;SDS-1AZ1403
1421;SDS-1AZ1404
1422;SDS-1AZ1405
1423;SDS-1AZ1406
1424;SDS-1AZ1407
1425;SDS-1AZ1408
1426;SDS-1AZ1409
1427;SDS-1AZ1410
1428;SDS-1AZ1411
1429;SDS-1AZ1412
1430;SDS-1AZ1413
1431;SDS-1AZ1414
1432;SDS-1AZ1415
1433;SDS-1AZ1416
1434;SDS-1AZ1417
1435;SDS-1AZ1418
1436;SDS-1AZ1419
1437;SDS-1AZ1420
1438;SDS-1AZ1421
1439;SDS-1AZ1422
1440;SDS-1AZ1423
1441;SDS-1AZ1424
1442;SDS-1AZ1425
1443;SDS-1AZ1426
1444;SDS-1AZ1427
1445;SDS-1AZ1428
1446;SDS-1AZ1429
1447;SDS-1AZ1430
1448;SDS-1AZ1431
1449;SDS-1AZ1432
1450;SDS-1AZ1433
1451;SDS-1AZ1434
1452;SDS-1AZ1435
1453;SDS-1AZ1436
1454;SDS-1AZ1437
1455;SDS-1AZ1438
1456;SDS-1AZ1439
1457;SDS-1AZ1440
1458;SDS-1AZ1441
1459;SDS-1AZ1442
1460;SDS-1AZ1443
1461;SDS-1AZ1444
1462;SDS-1AZ1445
1463;SDS-1AZ1446
1464;SDS-1AZ1447
1465;SDS-1AZ1448
1466;SDS-1AZ1449
1467;SDS-1AZ1450
1468;SDS-1AZ1451
1469;SDS-1AZ1452
1470;SDS-1AZ1453
1471;SDS-1AZ1454
1472;SDS-1AZ1455
1473;SDS-1AZ1456
1474;SDS-1AZ1457
1475;SDS-1AZ1458
1476;SDS-1AZ1459
1477;SDS-1AZ1460
1478;SDS-1AZ1461
1479;SDS-1AZ1462
1480;SDS-1AZ1463
1481;SDS-1AZ1464
1482;SDS-1AZ1465
1483;SDS-1AZ1466
1484;SDS-1AZ1467
1485;SDS-1AZ1468
1486;SDS-1AZ1469
1487;SDS-1AZ1470
1488;SDS-1AZ1471
1489;SDS-1AZ1472
1490;SDS-1AZ1473
1491;SDS-1AZ1474
1492;SDS-1AZ1475
1493;SDS-1AZ1476
1494;SDS-1AZ1477
1495;SDS-1AZ1478
1496;SDS-1AZ1479
1497;SDS-1AZ1480
1498;SDS-1AZ1481
1499;SDS-1AZ1482
1500;SDS-1AZ1483
1501;SDS-1AZ1484
1502;SDS-1AZ1485
1503;SDS-1AZ1486
1504;SDS-1AZ1487
1505;SDS-1AZ1488
1506;SDS-1AZ1489
1507;SDS-1AZ1490
1508;SDS-1AZ1491
1509;SDS-1AZ1492
1510;SDS-1AZ1493
1511;SDS-1AZ1494
1512;SDS-1AZ1495
1513;SDS-1AZ1496
1514;SDS-1AZ1497
1515;SDS-1AZ1498
1516;SDS-1AZ1499
1517;SDS-1AZ1500
1518;SDS-1AZ1501
1519;SDS-1AZ1502
1520;SDS-1AZ1503
1521;SDS-1AZ1504
1522;SDS-1AZ1505
1523;SDS-1AZ1506
1524;SDS-1AZ1507
1525;SDS-1AZ1508
1526;SDS-1AZ1509
1527;SDS-1AZ1510
1528;SDS-1AZ1511
1529;SDS-1AZ1512
1530;SDS-1AZ1513
1531;SDS-1AZ1514
1532;SDS-1AZ1515
1533;SDS-1AZ1516
1534;SDS-1AZ1517
1535;SDS-1AZ1518
1536;SDS-1AZ1519
1537;SDS-1AZ1520
1538;SDS-1AZ1521
1539;SDS-1AZ1522
1540;SDS-1AZ1523
1541;SDS-1AZ1524
1542;SDS-1AZ1525
1543;SDS-1AZ1526
1544;SDS-1AZ1527
1545;SDS-1AZ1528
1546;SDS-1AZ1529
1547;SDS-1AZ1530
1548;SDS-1AZ1531
1549;SDS-1AZ1532
1550;SDS-1AZ1533
1551;SDS-1AZ1534
1552;SDS-1AZ1535
1553;SDS-1AZ1536
1554;SDS-1AZ1537
1555;SDS-1AZ1538
1556;SDS-1AZ1539
1557;SDS-1AZ1540
1558;SDS-1AZ1541
1559;SDS-1AZ1542
1560;SDS-1AZ1543
1561;SDS-1AZ1544
1562;SDS-1AZ1545
1563;SDS-1AZ1546
1564;SDS-1AZ1547
1565;SDS-1AZ1548
1566;SDS-1AZ1549
1567;SDS-1AZ1550
1568;SDS-1AZ1551
1569;SDS-1AZ1552
1570;SDS-1AZ1553
1571;SDS-1AZ1554
1572;SDS-1AZ1555
1573;SDS-1AZ1556
1574;SDS-1AZ1557
1575;SDS-1AZ1558
1576;SDS-1AZ1559
1577;SDS-1AZ1560
1578;SDS-1AZ1561
1579;SDS-1AZ1562
1580;SDS-1AZ1563
1581;SDS-1AZ1564
1582;SDS-1AZ1565
1583;SDS-1AZ1566
1584;SDS-1AZ1567
1585;SDS-1AZ1568
1586;SDS-1AZ1569
1587;SDS-1AZ1570
1588;SDS-1AZ1571
1589;SDS-1AZ1572
1590;SDS-1AZ1573
1591;SDS-1AZ1574
1592;SDS-1AZ1575
1593;SDS-1AZ1576
1594;SDS-1AZ1577
1595;SDS-1AZ1578
1596;SDS-1AZ1579
1597;SDS-1AZ1580
1598;SDS-1AZ1581
1599;SDS-1AZ1582
1600;SDS-1AZ1583
1601;SDS-1AZ1584
1602;SDS-1AZ1585
1603;SDS-1AZ1586
1604;SDS-1AZ1587
1605;SDS-1AZ1588
1606;SDS-1AZ1589
1607;SDS-1AZ1590
1608;SDS-1AZ1591
1609;SDS-1AZ1592
1610;SDS-1AZ1593
1611;SDS-1AZ1594
1612;SDS-1AZ1595
1613;SDS-1AZ1596
1614;SDS-1AZ1597
1615;SDS-1AZ1598
1616;SDS-1AZ1599
1617;SDS-1AZ1600
1618;SDS-1AZ1601
1619;SDS-1AZ1602
1620;SDS-1AZ1603
1621;SDS-1AZ1604
1622;SDS-1AZ1605
1623;SDS-1AZ1606
1624;SDS-1AZ1607
1625;SDS-1AZ1608
1626;SDS-1AZ1609
1627;SDS-1AZ1610
1628;SDS-1AZ1611
1629;SDS-1AZ1612
1630;SDS-1AZ1613
1631;SDS-1AZ1614
1632;SDS-1AZ1615
1633;SDS-1AZ1616
1634;SDS-1AZ1617
1635;SDS-1AZ1618
1636;SDS-1AZ1619
1637;SDS-1AZ1620
1638;SDS-1AZ1621
1639;SDS-1AZ1622
1640;SDS-1AZ1623
1641;SDS-1AZ1624
1642;SDS-1AZ1625
1643;SDS-1AZ1626
1644;SDS-1AZ1627
1645;SDS-1AZ1628
1646;SDS-1AZ1629
1647;SDS-1AZ1630
1648;SDS-1AZ1631
1649;SDS-1AZ1632
1650;SDS-1AZ1633
1651;SDS-1AZ1634
1652;SDS-1AZ1635
1653;SDS-1AZ1636
1654;SDS-1AZ1637
1655;SDS-1AZ1638
1656;SDS-1AZ1639
1657;SDS-1AZ1640
1658;SDS-1AZ1641
1659;SDS-1AZ1642
1660;SDS-1AZ1643
1661;SDS-1AZ1644
1662;SDS-1AZ1645
1663;SDS-1AZ1646
1664;SDS-1AZ1647
1665;SDS-1AZ1648
1666;SDS-1AZ1649
1667;SDS-1AZ1650
1668;SDS-1AZ1651
1669;SDS-1AZ1652
1670;SDS-1AZ1653
1671;SDS-1AZ1654
1672;SDS-1AZ1655
1673;SDS-1AZ1656
1674;SDS-1AZ1657
1675;SDS-1AZ1658
1676;SDS-1AZ1659
1677;SDS-1AZ1660
1678;SDS-1AZ1661
1679;SDS-1AZ1662
1680;SDS-1AZ1663
1681;SDS-1AZ1664
1682;SDS-1AZ1665
1683;SDS-1AZ1666
1684;SDS-1AZ1667
1685;SDS-1AZ1668
1686;SDS-1AZ1669
1687;SDS-1AZ1670
1688;SDS-1AZ1671
1689;SDS-1AZ1672
1690;SDS-1AZ1673
1691;SDS-1AZ1674
1692;SDS-1AZ1675
1693;SDS-1AZ1676
1694;SDS-1AZ1677
1695;SDS-1AZ1678
1696;SDS-1AZ1679
1697;SDS-1AZ1680
1698;SDS-1AZ1681
1699;SDS-1AZ1682
1700;SDS-1AZ1683
1701;SDS-1AZ1684
1702;SDS-1AZ1685
1703;SDS-1AZ1686
1704;SDS-1AZ1687
1705;SDS-1AZ1688
1706;SDS-1AZ1689
1707;SDS-1AZ1690
1708;SDS-1AZ1691
1709;SDS-1AZ1692
1710;SDS-1AZ1693
1711;SDS-1AZ1694
1712;SDS-1AZ1695
1713;SDS-1AZ1696
1714;SDS-1AZ1697
1715;SDS-1AZ1698
1716;SDS-1AZ1699
1717;SDS-1AZ1700
1718;SDS-1AZ1701
1719;SDS-1AZ1702
1720;SDS-1AZ1703
1721;SDS-1AZ1704
1722;SDS-1AZ1705
1723;SDS-1AZ1706
1724;SDS-1AZ1707
1725;SDS-1AZ1708
1726;SDS-1AZ1709
1727;SDS-1AZ1710
1728;SDS-1AZ1711
1729;SDS-1AZ1712
1730;SDS-1AZ1713
1731;SDS-1AZ1714
1732;SDS-1AZ1715
1733;SDS-1AZ1716
1734;SDS-1AZ1717
1735;SDS-1AZ1718
1736;SDS-1AZ1719
1737;SDS-1AZ1720
1738;SDS-1AZ1721
1739;SDS-1AZ1722
1740;SDS-1AZ1723
1741;SDS-1AZ1724
1742;SDS-1AZ1725
1743;SDS-1AZ1726
1744;SDS-1AZ1727
1745;SDS-1AZ1728
1746;SDS-1AZ1729
1747;SDS-1AZ1730
1748;SDS-1AZ1731
1749;SDS-1AZ1732
1750;SDS-1AZ1733
1751;SDS-1AZ1734
1752;SDS-1AZ1735
1753;SDS-1AZ1736
1754;SDS-1AZ1737
1755;SDS-1AZ1738
1756;SDS-1AZ1739
1757;SDS-1AZ1740
1758;SDS-1AZ1741
1759;SDS-1AZ1742
1760;SDS-1AZ1743
1761;SDS-1AZ1744
1762;SDS-1AZ1745
1763;SDS-1AZ1746
1764;SDS-1AZ1747
1765;SDS-1AZ1748
1766;SDS-1AZ1749
1767;SDS-1AZ1750
1768;SDS-1AZ1751
1769;SDS-1AZ1752
1770;SDS-1AZ1753
1771;SDS-1AZ1754
1772;SDS-1AZ1755
1773;SDS-1AZ1756
1774;SDS-1AZ1757
1775;SDS-1AZ1758
1776;SDS-1AZ1759
1777;SDS-1AZ1760
1778;SDS-1AZ1761
1779;SDS-1AZ1762
1780;SDS-1AZ1763
1781;SDS-1AZ1764
1782;SDS-1AZ1765
1783;SDS-1AZ1766
1784;SDS-1AZ1767
1785;SDS-1AZ1768
1786;SDS-1AZ1769
1787;SDS-1AZ1770
1788;SDS-1AZ1771
1789;SDS-1AZ1772
1790;SDS-1AZ1773
1791;SDS-1AZ1774
1792;SDS-1AZ1775
1793;SDS-1AZ1776
1794;SDS-1AZ1777
1795;SDS-1AZ1778
1796;SDS-1AZ1779
1797;SDS-1AZ1780
1798;SDS-1AZ1781
1799;SDS-1AZ1782
1800;SDS-1AZ1783
1801;SDS-1AZ1784
1802;SDS-1AZ1785
1803;SDS-1AZ1786
1804;SDS-1AZ1787
1805;SDS-1AZ1788
1806;SDS-1AZ1789
1807;SDS-1AZ1790
1808;SDS-1AZ1791
1809;SDS-1AZ1792
1810;SDS-1AZ1793
1811;SDS-1AZ1794
1812;SDS-1AZ1795
1813;SDS-1AZ1796
1814;SDS-1AZ1797
1815;SDS-1AZ1798
1816;SDS-1AZ1799
1817;SDS-1AZ1800
1818;SDS-1AZ1801
1819;SDS-1AZ1802
1820;SDS-1AZ1803
1821;SDS-1AZ1804
1822;SDS-1AZ1805
1823;SDS-1AZ1806
1824;SDS-1AZ1807
1825;SDS-1AZ1808
1826;SDS-1AZ1809
1827;SDS-1AZ1810
1828;SDS-1AZ1811
1829;SDS-1AZ1812
1830;SDS-1AZ1813
1831;SDS-1AZ1814
1832;SDS-1AZ1815
1833;SDS-1AZ1816
1834;SDS-1AZ1817
1835;SDS-1AZ1818
1836;SDS-1AZ1819
1837;SDS-1AZ1820
1838;SDS-1AZ1821
1839;SDS-1AZ1822
1840;SDS-1AZ1823
1841;SDS-1AZ1824
1842;SDS-1AZ1825
1843;SDS-1AZ1826
1844;SDS-1AZ1827
1845;SDS-1AZ1828
1846;SDS-1AZ1829
1847;SDS-1AZ1830
1848;SDS-1AZ1831
1849;SDS-1AZ1832
1850;SDS-1AZ1833
1851;SDS-1AZ1834
1852;SDS-1AZ1835
1853;SDS-1AZ1836
1854;SDS-1AZ1837
1855;SDS-1AZ1838
1856;SDS-1AZ1839
1857;SDS-1AZ1840
1858;SDS-1AZ1841
1859;SDS-1AZ1842
1860;SDS-1AZ1843
1861;SDS-1AZ1844
1862;SDS-1AZ1845
1863;SDS-1AZ1846
1864;SDS-1AZ1847
1865;SDS-1AZ1848
1866;SDS-1AZ1849
1867;SDS-1AZ1850
1868;SDS-1AZ1851
1869;SDS-1AZ1852
1870;SDS-1AZ1853
1871;SDS-1AZ1854
1872;SDS-1AZ1855
1873;SDS-1AZ1856
1874;SDS-1AZ1857
1875;SDS-1AZ1858
1876;SDS-1AZ1859
1877;SDS-1AZ1860
1878;SDS-1AZ1861
1879;SDS-1AZ1862
1880;SDS-1AZ1863
1881;SDS-1AZ1864
1882;SDS-1AZ1865
1883;SDS-1AZ1866
1884;SDS-1AZ1867
1885;SDS-1AZ1868
1886;SDS-1AZ1869
1887;SDS-1AZ1870
1888;SDS-1AZ1871
1889;SDS-1AZ1872
1890;SDS-1AZ1873
1891;SDS-1AZ1874
1892;SDS-1AZ1875
1893;SDS-1AZ1876
1894;SDS-1AZ1877
1895;SDS-1AZ1878
1896;SDS-1AZ1879
1897;SDS-1AZ1880
1898;SDS-1AZ1881
1899;SDS-1AZ1882
1900;SDS-1AZ1883
1901;SDS-1AZ1884
1902;SDS-1AZ1885
1903;SDS-1AZ1886
1904;SDS-1AZ1887
1905;SDS-1AZ1888
1906;SDS-1AZ1889
1907;SDS-1AZ1890
1908;SDS-1AZ1891
1909;SDS-1AZ1892
1910;SDS-1AZ1893
1911;SDS-1AZ1894
1912;SDS-1AZ1895
1913;SDS-1AZ1896
1914;SDS-1AZ1897
1915;SDS-1AZ1898
1916;SDS-1AZ1899
1917;SDS-1AZ1900
1918;SDS-1AZ1901
1919;SDS-1AZ1902
1920;SDS-1AZ1903
1921;SDS-1AZ1904
1922;SDS-1AZ1905
1923;SDS-1AZ1906
1924;SDS-1AZ1907
1925;SDS-1AZ1908
1926;SDS-1AZ1909
1927;SDS-1AZ1910
1928;SDS-1AZ1911
1929;SDS-1AZ1912
1930;SDS-1AZ1913
1931;SDS-1AZ1914
1932;SDS-1AZ1915
1933;SDS-1AZ1916
1934;SDS-1AZ1917
1935;SDS-1AZ1918
1936;SDS-1AZ1919
1937;SDS-1AZ1920
1938;SDS-1AZ1921
1939;SDS-1AZ1922
1940;SDS-1AZ1923
1941;SDS-1AZ1924
1942;SDS-1AZ1925
1943;SDS-1AZ1926
1944;SDS-1AZ1927
1945;SDS-1AZ1928
1946;SDS-1AZ1929
1947;SDS-1AZ1930
1948;SDS-1AZ1931
1949;SDS-1AZ1932
1950;SDS-1AZ1933
1951;SDS-1AZ1934
1952;SDS-1AZ1935
1953;SDS-1AZ1936
1954;SDS-1AZ1937
1955;SDS-1AZ1938
1956;SDS-1AZ1939
1957;SDS-1AZ1940
1958;SDS-1AZ1941
1959;SDS-1AZ1942
1960;SDS-1AZ1943
1961;SDS-1AZ1944
1962;SDS-1AZ1945
1963;SDS-1AZ1946
1964;SDS-1AZ1947
1965;SDS-1AZ1948
1966;SDS-1AZ1949
1967;SDS-1AZ1950
1968;SDS-1AZ1951
1969;SDS-1AZ1952
1970;SDS-1AZ1953
1971;SDS-1AZ1954
1972;SDS-1AZ1955
1973;SDS-1AZ1956
1974;SDS-1AZ1957
1975;SDS-1AZ1958
1976;SDS-1AZ1959
1977;SDS-1AZ1960
1978;SDS-1AZ1961
1979;SDS-1AZ1962
1980;SDS-1AZ1963
1981;SDS-1AZ1964
1982;SDS-1AZ1965
1983;SDS-1AZ1966
1984;SDS-1AZ1967
1985;SDS-1AZ1968
1986;SDS-1AZ1969
1987;SDS-1AZ1970
1988;SDS-1AZ1971
1989;SDS-1AZ1972
1990;SDS-1AZ1973
1991;SDS-1AZ1974
1992;SDS-1AZ1975
1993;SDS-1AZ1976
1994;SDS-1AZ1977
1995;SDS-1AZ1978
1996;SDS-1AZ1979
1997;SDS-1AZ1980
1998;SDS-1AZ1981
1999;SDS-1AZ1982
2000;SDS-1AZ1983
2001;SDS-1AZ1984
2002;SDS-1AZ1985
2003;SDS-1AZ1986
2004;SDS-1AZ1987
2005;SDS-1AZ1988
2006;SDS-1AZ1989
2007;SDS-1AZ1990
2008;SDS-1AZ1991
2009;SDS-1AZ1992
2010;SDS-1AZ1993
2011;SDS-1AZ1994
2012;SDS-1AZ1995
2013;SDS-1AZ1996
2014;SDS-1AZ1997
2015;SDS-1AZ1998
2016;SDS-1AZ1999
2017;SDS-1AZ2000
2018;SDS-1AZ2001
2019;SDS-1AZ2002
2020;SDS-1AZ2003
2021;SDS-1AZ2004
2022;SDS-1AZ2005
2023;SDS-1AZ2006
2024;SDS-1AZ2007
2025;SDS-1AZ2008
2026;SDS-1AZ2009
2027;SDS-1AZ2010
2028;SDS-1AZ2011
2029;SDS-1AZ2012
2030;SDS-1AZ2013
2031;SDS-1AZ2014
2032;SDS-1AZ2015
2033;SDS-1AZ2016
2034;SDS-1AZ2017
2035;SDS-1AZ2018
2036;SDS-1AZ2019
2037;SDS-1AZ2020
2038;SDS-1AZ2021
2039;SDS-1AZ2022
2040;SDS-1AZ2023
2041;SDS-1AZ2024
2042;SDS-1AZ2025
2043;SDS-1AZ2026
2044;SDS-1AZ2027
2045;SDS-1AZ2028
2046;SDS-1AZ2029
2047;SDS-1AZ2030
2048;SDS-1AZ2031
2049;SDS-1AZ2032
2050;SDS-1AZ2033
2051;SDS-1AZ2034
2052;SDS-1AZ2035
2053;SDS-1AZ2036
2054;SDS-1AZ2037
2055;SDS-1AZ2038
2056;SDS-1AZ2039
2057;SDS-1AZ2040
2058;SDS-1AZ2041
2059;SDS-1AZ2042
2060;SDS-1AZ2043
2061;SDS-1AZ2044
2062;SDS-1AZ2045
2063;SDS-1AZ2046
2064;SDS-1AZ2047
2065;SDS-1AZ2048
2066;SDS-1AZ2049
2067;SDS-1AZ2050
2068;SDS-1AZ2051
2069;SDS-1AZ2052
2070;SDS-1AZ2053
2071;SDS-1AZ2054
2072;SDS-1AZ2055
2073;SDS-1AZ2056
2074;SDS-1AZ2057
2075;SDS-1AZ2058
2076;SDS-1AZ2059
2077;SDS-1AZ2060
2078;SDS-1AZ2061
2079;SDS-1AZ2062
2080;SDS-1AZ2063
2081;SDS-1AZ2064
2082;SDS-1AZ2065
2083;SDS-1AZ2066
2084;SDS-1AZ2067
2085;SDS-1AZ2068
2086;SDS-1AZ2069
2087;SDS-1AZ2070
2088;SDS-1AZ2071
2089;SDS-1AZ2072
2090;SDS-1AZ2073
2091;SDS-1AZ2074
2092;SDS-1AZ2075
2093;SDS-1AZ2076
2094;SDS-1AZ2077
2095;SDS-1AZ2078
2096;SDS-1AZ2079
2097;SDS-1AZ2080
2098;SDS-1AZ2081
2099;SDS-1AZ2082
2100;SDS-1AZ2083
2101;SDS-1AZ2084
2102;SDS-1AZ2085
2103;SDS-1AZ2086
2104;SDS-1AZ2087
2105;SDS-1AZ2088
2106;SDS-1AZ2089
2107;SDS-1AZ2090
2108;SDS-1AZ2091
2109;SDS-1AZ2092
2110;SDS-1AZ2093
2111;SDS-1AZ2094
2112;SDS-1AZ2095
2113;SDS-1AZ2096
2114;SDS-1AZ2097
2115;SDS-1AZ2098
2116;SDS-1AZ2099
2117;SDS-1AZ2100
2118;SDS-1AZ2101
2119;SDS-1AZ2102
2120;SDS-1AZ2103
2121;SDS-1AZ2104
2122;SDS-1AZ2105
2123;SDS-1AZ2106
2124;SDS-1AZ2107
2125;SDS-1AZ2108
2126;SDS-1AZ2109
2127;SDS-1AZ2110
2128;SDS-1AZ2111
2129;SDS-1AZ2112
2130;SDS-1AZ2113
2131;SDS-1AZ2114
2132;SDS-1AZ2115
2133;SDS-1AZ2116
2134;SDS-1AZ2117
2135;SDS-1AZ2118
2136;SDS-1AZ2119
2137;SDS-1AZ2120
2138;SDS-1AZ2121
2139;SDS-1AZ2122
2140;SDS-1AZ2123
2141;SDS-1AZ2124
2142;SDS-1AZ2125
2143;SDS-1AZ2126
2144;SDS-1AZ2127
2145;SDS-1AZ2128
2146;SDS-1AZ2129
2147;SDS-1AZ2130
2148;SDS-1AZ2131
2149;SDS-1AZ2132
2150;SDS-1AZ2133
2151;SDS-1AZ2134
2152;SDS-1AZ2135
2153;SDS-1AZ2136
2154;SDS-1AZ2137
2155;SDS-1AZ2138
2156;SDS-1AZ2139
2157;SDS-1AZ2140
2158;SDS-1AZ2141
2159;SDS-1AZ2142
2160;SDS-1AZ2143
2161;SDS-1AZ2144
2162;SDS-1AZ2145
2163;SDS-1AZ2146
2164;SDS-1AZ2147
2165;SDS-1AZ2148
2166;SDS-1AZ2149
2167;SDS-1AZ2150
2168;SDS-1AZ2151
2169;SDS-1AZ2152
2170;SDS-1AZ2153
2171;SDS-1AZ2154
2172;SDS-1AZ2155
2173;SDS-1AZ2156
2174;SDS-1AZ2157
2175;SDS-1AZ2158
2176;SDS-1AZ2159
2177;SDS-1AZ2160
2178;SDS-1AZ2161
2179;SDS-1AZ2162
2180;SDS-1AZ2163
2181;SDS-1AZ2164
2182;SDS-1AZ2165
2183;SDS-1AZ2166
2184;SDS-1AZ2167
2185;SDS-1AZ2168
2186;SDS-1AZ2169
2187;SDS-1AZ2170
2188;SDS-1AZ2171
2189;SDS-1AZ2172
2190;SDS-1AZ2173
2191;SDS-1AZ2174
2192;SDS-1AZ2175
2193;SDS-1AZ2176
2194;SDS-1AZ2177
2195;SDS-1AZ2178
2196;SDS-1AZ2179
2197;SDS-1AZ2180
2198;SDS-1AZ2181
2199;SDS-1AZ2182
2200;SDS-1AZ2183
2201;SDS-1AZ2184
2202;SDS-1AZ2185
2203;SDS-1AZ2186
2204;SDS-1AZ2187
2205;SDS-1AZ2188
2206;SDS-1AZ2189
2207;SDS-1AZ2190
2208;SDS-1AZ2191
2209;SDS-1AZ2192
2210;SDS-1AZ2193
2211;SDS-1AZ2194
2212;SDS-1AZ2195
2213;SDS-1AZ2196
2214;SDS-1AZ2197
2215;SDS-1AZ2198
2216;SDS-1AZ2199
2217;SDS-1AZ2200
2218;SDS-1AZ2201
2219;SDS-1AZ2202
2220;SDS-1AZ2203
2221;SDS-1AZ2204
2222;SDS-1AZ2205
2223;SDS-1AZ2206
2224;SDS-1AZ2207
2225;SDS-1AZ2208
2226;SDS-1AZ2209
2227;SDS-1AZ2210
2228;SDS-1AZ2211
2229;SDS-1AZ2212
2230;SDS-1AZ2213
2231;SDS-1AZ2214
2232;SDS-1AZ2215
2233;SDS-1AZ2216
2234;SDS-1AZ2217
2235;SDS-1AZ2218
2236;SDS-1AZ2219
2237;SDS-1AZ2220
2238;SDS-1AZ2221
2239;SDS-1AZ2222
2240;SDS-1AZ2223
2241;SDS-1AZ2224
2242;SDS-1AZ2225
2243;SDS-1AZ2226
2244;SDS-1AZ2227
2245;SDS-1AZ2228
2246;SDS-1AZ2229
2247;SDS-1AZ2230
2248;SDS-1AZ2231
2249;SDS-1AZ2232
2250;SDS-1AZ2233
2251;SDS-1AZ2234
2252;SDS-1AZ2235
2253;SDS-1AZ2236
2254;SDS-1AZ2237
2255;SDS-1AZ2238
2256;SDS-1AZ2239
2257;SDS-1AZ2240
2258;SDS-1AZ2241
2259;SDS-1AZ2242
2260;SDS-1AZ2243
2261;SDS-1AZ2244
2262;SDS-1AZ2245
2263;SDS-1AZ2246
2264;SDS-1AZ2247
2265;SDS-1AZ2248
2266;SDS-1AZ2249
2267;SDS-1AZ2250
2268;SDS-1AZ2251
2269;SDS-1AZ2252
2270;SDS-1AZ2253
2271;SDS-1AZ2254
2272;SDS-1AZ2255
2273;SDS-1AZ2256
2274;SDS-1AZ2257
2275;SDS-1AZ2258
2276;SDS-1AZ2259
2277;SDS-1AZ2260
2278;SDS-1AZ2261
2279;SDS-1AZ2262
2280;SDS-1AZ2263
2281;SDS-1AZ2264
2282;SDS-1AZ2265
2283;SDS-1AZ2266
2284;SDS-1AZ2267
2285;SDS-1AZ2268
2286;SDS-1AZ2269
2287;SDS-1AZ2270
2288;SDS-1AZ2271
2289;SDS-1AZ2272
2290;SDS-1AZ2273
2291;SDS-1AZ2274
2292;SDS-1AZ2275
2293;SDS-1AZ2276
2294;SDS-1AZ2277
2295;SDS-1AZ2278
2296;SDS-1AZ2279
2297;SDS-1AZ2280
2298;SDS-1AZ2281
2299;SDS-1AZ2282
2300;SDS-1AZ2283
2301;SDS-1AZ2284
2302;SDS-1AZ2285
2303;SDS-1AZ2286
2304;SDS-1AZ2287
2305;SDS-1AZ2288
2306;SDS-1AZ2289
2307;SDS-1AZ2290
2308;SDS-1AZ2291
2309;SDS-1AZ2292
2310;SDS-1AZ2293
2311;SDS-1AZ2294
2312;SDS-1AZ2295
2313;SDS-1AZ2296
2314;SDS-1AZ2297
2315;SDS-1AZ2298
2316;SDS-1AZ2299
2317;SDS-1AZ2300
2318;SDS-1AZ2301
2319;SDS-1AZ2302
2320;SDS-1AZ2303
2321;SDS-1AZ2304
2322;SDS-1AZ2305
2323;SDS-1AZ2306
2324;SDS-1AZ2307
2325;SDS-1AZ2308
2326;SDS-1AZ2309
2327;SDS-1AZ2310
2328;SDS-1AZ2311
2329;SDS-1AZ2312
2330;SDS-1AZ2313
2331;SDS-1AZ2314
2332;SDS-1AZ2315
2333;SDS-1AZ2316
2334;SDS-1AZ2317
2335;SDS-1AZ2318
2336;SDS-1AZ2319
2337;SDS-1AZ2320
2338;SDS-1AZ2321
2339;SDS-1AZ2322
2340;SDS-1AZ2323
2341;SDS-1AZ2324
2342;SDS-1AZ2325
2343;SDS-1AZ2326
2344;SDS-1AZ2327
2345;SDS-1AZ2328
2346;SDS-1AZ2329
2347;SDS-1AZ2330
2348;SDS-1AZ2331
2349;SDS-1AZ2332
2350;SDS-1AZ2333
2351;SDS-1AZ2334
2352;SDS-1AZ2335
2353;SDS-1AZ2336
2354;SDS-1AZ2337
2355;SDS-1AZ2338
2356;SDS-1AZ2339
2357;SDS-1AZ2340
2358;SDS-1AZ2341
2359;SDS-1AZ2342
2360;SDS-1AZ2343
2361;SDS-1AZ2344
2362;SDS-1AZ2345
2363;SDS-1AZ2346
2364;SDS-1AZ2347
2365;SDS-1AZ2348
2366;SDS-1AZ2349
2367;SDS-1AZ2350
2368;SDS-1AZ2351
2369;SDS-1AZ2352
2370;SDS-1AZ2353
2371;SDS-1AZ2354
2372;SDS-1AZ2355
2373;SDS-1AZ2356
2374;SDS-1AZ2357
2375;SDS-1AZ2358
2376;SDS-1AZ2359
2377;SDS-1AZ2360
2378;SDS-1AZ2361
2379;SDS-1AZ2362
2380;SDS-1AZ2363
2381;SDS-1AZ2364
2382;SDS-1AZ2365
2383;SDS-1AZ2366
2384;SDS-1AZ2367
2385;SDS-1AZ2368
2386;SDS-1AZ2369
2387;SDS-1AZ2370
2388;SDS-1AZ2371
2389;SDS-1AZ2372
2390;SDS-1AZ2373
2391;SDS-1AZ2374
2392;SDS-1AZ2375
2393;SDS-1AZ2376
2394;SDS-1AZ2377
2395;SDS-1AZ2378
2396;SDS-1AZ2379
2397;SDS-1AZ2380
2398;SDS-1AZ2381
2399;SDS-1AZ2382
2400;SDS-1AZ2383
2401;SDS-1AZ2384
2402;SDS-1AZ2385
2403;SDS-1AZ2386
2404;SDS-1AZ2387
2405;SDS-1AZ2388
2406;SDS-1AZ2389
2407;SDS-1AZ2390
2408;SDS-1AZ2391
2409;SDS-1AZ2392
2410;SDS-1AZ2393
2411;SDS-1AZ2394
2412;SDS-1AZ2395
2413;SDS-1AZ2396
2414;SDS-1AZ2397
2415;SDS-1AZ2398
2416;SDS-1AZ2399
2417;SDS-1AZ2400
2418;SDS-1AZ2401
2419;SDS-1AZ2402
2420;SDS-1AZ2403
2421;SDS-1AZ2404
2422;SDS-1AZ2405
2423;SDS-1AZ2406
2424;SDS-1AZ2407
2425;SDS-1AZ2408
2426;SDS-1AZ2409
2427;SDS-1AZ2410
2428;SDS-1AZ2411
2429;SDS-1AZ2412
2430;SDS-1AZ2413
2431;SDS-1AZ2414
2432;SDS-1AZ2415
2433;SDS-1AZ2416
2434;SDS-1AZ2417
2435;SDS-1AZ2418
2436;SDS-1AZ2419
2437;SDS-1AZ2420
2438;SDS-1AZ2421
2439;SDS-1AZ2422
2440;SDS-1AZ2423
2441;SDS-1AZ2424
2442;SDS-1AZ2425
2443;SDS-1AZ2426
2444;SDS-1AZ2427
2445;SDS-1AZ2428
2446;SDS-1AZ2429
2447;SDS-1AZ2430
2448;SDS-1AZ2431
2449;SDS-1AZ2432
2450;SDS-1AZ2433
2451;SDS-1AZ2434
2452;SDS-1AZ2435
2453;SDS-1AZ2436
2454;SDS-1AZ2437
2455;SDS-1AZ2438
2456;SDS-1AZ2439
2457;SDS-1AZ2440
2458;SDS-1AZ2441
2459;SDS-1AZ2442
2460;SDS-1AZ2443
2461;SDS-1AZ2444
2462;SDS-1AZ2445
2463;SDS-1AZ2446
2464;SDS-1AZ2447
2465;SDS-1AZ2448
2466;SDS-1AZ2449
2467;SDS-1AZ2450
2468;SDS-1AZ2451
2469;SDS-1AZ2452
2470;SDS-1AZ2453
2471;SDS-1AZ2454
2472;SDS-1AZ2455
2473;SDS-1AZ2456
2474;SDS-1AZ2457
2475;SDS-1AZ2458
2476;SDS-1AZ2459
2477;SDS-1AZ2460
2478;SDS-1AZ2461
2479;SDS-1AZ2462
2480;SDS-1AZ2463
2481;SDS-1AZ2464
2482;SDS-1AZ2465
2483;SDS-1AZ2466
2484;SDS-1AZ2467
2485;SDS-1AZ2468
2486;SDS-1AZ2469
2487;SDS-1AZ2470
2488;SDS-1AZ2471
2489;SDS-1AZ2472
2490;SDS-1AZ2473
2491;SDS-1AZ2474
2492;SDS-1AZ2475
2493;SDS-1AZ2476
2494;SDS-1AZ2477
2495;SDS-1AZ2478
2496;SDS-1AZ2479
2497;SDS-1AZ2480
2498;SDS-1AZ2481
2499;SDS-1AZ2482
2500;SDS-1AZ2483
2501;SDS-1AZ2484
2502;SDS-1AZ2485
2503;SDS-1AZ2486
2504;SDS-1AZ2487
2505;SDS-1AZ2488
2506;SDS-1AZ2489
2507;SDS-1AZ2490
2508;SDS-1AZ2491
2509;SDS-1AZ2492
2510;SDS-1AZ2493
2511;SDS-1AZ2494
2512;SDS-1AZ2495
2513;SDS-1AZ2496
2514;SDS-1AZ2497
2515;SDS-1AZ2498
2516;SDS-1AZ2499
2517;SDS-1AZ2500
2518;SDS-1AZ2501
2519;SDS-1AZ2502
2520;SDS-1AZ2503
2521;SDS-1AZ2504
2522;SDS-1AZ2505
2523;SDS-1AZ2506
2524;SDS-1AZ2507
2525;SDS-1AZ2508
2526;SDS-1AZ2509
2527;SDS-1AZ2510
2528;SDS-1AZ2511
2529;SDS-1AZ2512
2530;SDS-1AZ2513
2531;SDS-1AZ2514
2532;SDS-1AZ2515
2533;SDS-1AZ2516
2534;SDS-1AZ2517
2535;SDS-1AZ2518
2536;SDS-1AZ2519
2537;SDS-1AZ2520
2538;SDS-1AZ2521
2539;SDS-1AZ2522
2540;SDS-1AZ2523
2541;SDS-1AZ2524
2542;SDS-1AZ2525
2543;SDS-1AZ2526
2544;SDS-1AZ2527
2545;SDS-1AZ2528
2546;SDS-1AZ2529
2547;SDS-1AZ2530
2548;SDS-1AZ2531
2549;SDS-1AZ2532
2550;SDS-1AZ2533
2551;SDS-1AZ2534
2552;SDS-1AZ2535
2553;SDS-1AZ2536
2554;SDS-1AZ2537
2555;SDS-1AZ2538
2556;SDS-1AZ2539
2557;SDS-1AZ2540
2558;SDS-1AZ2541
2559;SDS-1AZ2542
2560;SDS-1AZ2543
2561;SDS-1AZ2544
2562;SDS-1AZ2545
2563;SDS-1AZ2546
2564;SDS-1AZ2547
2565;SDS-1AZ2548
2566;SDS-1AZ2549
2567;SDS-1AZ2550
2568;SDS-1AZ2551
2569;SDS-1AZ2552
2570;SDS-1AZ2553
2571;SDS-1AZ2554
2572;SDS-1AZ2555
2573;SDS-1AZ2556
2574;SDS-1AZ2557
2575;SDS-1AZ2558
2576;SDS-1AZ2559
2577;SDS-1AZ2560
2578;SDS-1AZ2561
2579;SDS-1AZ2562
2580;SDS-1AZ2563
2581;SDS-1AZ2564
2582;SDS-1AZ2565
2583;SDS-1AZ2566
2584;SDS-1AZ2567
2585;SDS-1AZ2568
2586;SDS-1AZ2569
2587;SDS-1AZ2570
2588;SDS-1AZ2571
2589;SDS-1AZ2572
2590;SDS-1AZ2573
2591;SDS-1AZ2574
2592;SDS-1AZ2575
2593;SDS-1AZ2576
2594;SDS-1AZ2577
2595;SDS-1AZ2578
2596;SDS-1AZ2579
2597;SDS-1AZ2580
2598;SDS-1AZ2581
2599;SDS-1AZ2582
2600;SDS-1AZ2583
2601;SDS-1AZ2584
2602;SDS-1AZ2585
2603;SDS-1AZ2586
2604;SDS-1AZ2587
2605;SDS-1AZ2588
2606;SDS-1AZ2589
2607;SDS-1AZ2590
2608;SDS-1AZ2591
2609;SDS-1AZ2592
2610;SDS-1AZ2593
2611;SDS-1AZ2594
2612;SDS-1AZ2595
2613;SDS-1AZ2596
2614;SDS-1AZ2597
2615;SDS-1AZ2598
2616;SDS-1AZ2599
2617;SDS-1AZ2600
2618;SDS-1AZ2601
2619;SDS-1AZ2602
2620;SDS-1AZ2603
2621;SDS-1AZ2604
2622;SDS-1AZ2605
2623;SDS-1AZ2606
2624;SDS-1AZ2607
2625;SDS-1AZ2608
2626;SDS-1AZ2609
2627;SDS-1AZ2610
2628;SDS-1AZ2611
2629;SDS-1AZ2612
2630;SDS-1AZ2613
2631;SDS-1AZ2614
2632;SDS-1AZ2615
2633;SDS-1AZ2616
2634;SDS-1AZ2617
2635;SDS-1AZ2618
2636;SDS-1AZ2619
2637;SDS-1AZ2620
2638;SDS-1AZ2621
2639;SDS-1AZ2622
2640;SDS-1AZ2623
2641;SDS-1AZ2624
2642;SDS-1AZ2625
2643;SDS-1AZ2626
2644;SDS-1AZ2627
2645;SDS-1AZ2628
2646;SDS-1AZ2629
2647;SDS-1AZ2630
2648;SDS-1AZ2631
2649;SDS-1AZ2632
2650;SDS-1AZ2633
2651;SDS-1AZ2634
2652;SDS-1AZ2635
2653;SDS-1AZ2636
2654;SDS-1AZ2637
2655;SDS-1AZ2638
2656;SDS-1AZ2639
2657;SDS-1AZ2640
2658;SDS-1AZ2641
2659;SDS-1AZ2642
2660;SDS-1AZ2643
2661;SDS-1AZ2644
2662;SDS-1AZ2645
2663;SDS-1AZ2646
2664;SDS-1AZ2647
2665;SDS-1AZ2648
2666;SDS-1AZ2649
2667;SDS-1AZ2650
2668;SDS-1AZ2651
2669;SDS-1AZ2652
2670;SDS-1AZ2653
2671;SDS-1AZ2654
2672;SDS-1AZ2655
2673;SDS-1AZ2656
2674;SDS-1AZ2657
